qs1_elapsed,qs2_elapsed,qs3_elapsed,qs4_elapsed,qs5_elapsed,merge_elapsed,partition_elapsed
0.0016260147094726562,0.0003120899200439453,0.0002989768981933594,0.0001838207244873047,0.00021123886108398438,0.0009207725524902344,0.0002162456512451172
0.0016560554504394531,0.0002770423889160156,0.0002918243408203125,0.00020599365234375,0.00021004676818847656,0.0007250308990478516,0.00020360946655273438
0.0025641918182373047,0.00030303001403808594,0.00039076805114746094,0.00019121170043945312,0.00021123886108398438,0.0007522106170654297,0.00020503997802734375
0.0018360614776611328,0.0002980232238769531,0.0004296302795410156,0.000225067138671875,0.00022482872009277344,0.0007610321044921875,0.0002181529998779297
0.00232696533203125,0.00027489662170410156,0.0003027915954589844,0.0001811981201171875,0.00015687942504882812,0.0007300376892089844,0.000202178955078125
